Feature,12C_rep_1_fraction_1,12C_rep_1_fraction_2,12C_rep_1_fraction_3,12C_rep_1_fraction_4,12C_rep_1_fraction_5,12C_rep_1_fraction_6,12C_rep_1_fraction_7,12C_rep_1_fraction_8,12C_rep_1_fraction_9,12C_rep_1_fraction_10,12C_rep_1_fraction_11,12C_rep_1_fraction_12,12C_rep_1_fraction_13,12C_rep_2_fraction_1,12C_rep_2_fraction_2,12C_rep_2_fraction_3,12C_rep_2_fraction_4,12C_rep_2_fraction_5,12C_rep_2_fraction_6,12C_rep_2_fraction_7,12C_rep_2_fraction_8,12C_rep_2_fraction_9,12C_rep_2_fraction_10,12C_rep_2_fraction_11,12C_rep_2_fraction_12,12C_rep_2_fraction_13,12C_rep_3_fraction_1,12C_rep_3_fraction_2,12C_rep_3_fraction_3,12C_rep_3_fraction_4,12C_rep_3_fraction_5,12C_rep_3_fraction_6,12C_rep_3_fraction_7,12C_rep_3_fraction_8,12C_rep_3_fraction_9,12C_rep_3_fraction_10,12C_rep_3_fraction_11,12C_rep_3_fraction_12,12C_rep_3_fraction_13,13C_rep_1_fraction_1,13C_rep_1_fraction_2,13C_rep_1_fraction_3,13C_rep_1_fraction_4,13C_rep_1_fraction_5,13C_rep_1_fraction_6,13C_rep_1_fraction_7,13C_rep_1_fraction_8,13C_rep_1_fraction_9,13C_rep_1_fraction_10,13C_rep_1_fraction_11,13C_rep_1_fraction_12,13C_rep_1_fraction_13,13C_rep_2_fraction_1,13C_rep_2_fraction_2,13C_rep_2_fraction_3,13C_rep_2_fraction_4,13C_rep_2_fraction_5,13C_rep_2_fraction_6,13C_rep_2_fraction_7,13C_rep_2_fraction_8,13C_rep_2_fraction_9,13C_rep_2_fraction_10,13C_rep_2_fraction_11,13C_rep_2_fraction_12,13C_rep_2_fraction_13,13C_rep_3_fraction_1,13C_rep_3_fraction_2,13C_rep_3_fraction_3,13C_rep_3_fraction_4,13C_rep_3_fraction_5,13C_rep_3_fraction_6,13C_rep_3_fraction_7,13C_rep_3_fraction_8,13C_rep_3_fraction_9,13C_rep_3_fraction_10,13C_rep_3_fraction_11,13C_rep_3_fraction_12,13C_rep_3_fraction_13
NC_000964.3,260.085202,260.01274,260.222318,260.237541,260.228049,335.906608,701.861408,708.081642,419.219869,0.096461,0.05269,0.079483,139.546962,259.966676,260.019581,260.173353,260.074456,260.159169,401.868613,701.058447,708.940445,414.427715,0.114514,0.051007,0.080271,160.173212,260.188326,259.896757,259.68879,259.96553,260.122382,466.500432,702.444402,709.044178,415.472312,0.12046,0.052762,0.082922,192.258947,260.14699,167.828402,260.240873,260.035127,260.125857,260.009408,260.008943,260.013026,458.359747,337.705202,395.229795,60.984055,0.157856,260.14699,141.791291,259.913484,260.177401,260.003964,260.194666,260.161784,259.789335,478.435025,334.697457,394.533683,60.68303,0.158859,260.029503,194.573482,260.041789,259.940528,259.934439,259.957112,260.352342,249.984056,465.372591,336.505758,395.183874,60.594019,0.163551
NC_014374.1,260.412295,260.867277,260.356393,260.409974,260.117652,216.768342,0.638831,0.095053,518.084406,945.115223,286.686817,1.259601,139.64069,260.447107,260.477883,260.821062,260.500789,260.269615,179.288188,0.663351,0.126939,524.500569,943.120528,281.80613,0.629649,160.260682,260.4463,260.243279,260.509467,260.625911,260.480709,142.111154,0.679496,0.053984,523.602815,928.325393,285.339631,1.816093,192.67519,259.616152,167.858244,259.833906,259.750255,260.019773,259.811,260.02724,260.07739,21.250247,959.721665,263.596865,151.0334,0.154486,259.616152,141.946173,260.040762,259.981833,260.129558,259.917355,259.809184,259.872956,24.960433,969.315739,262.050189,154.781627,0.167805,259.900705,194.453544,260.188891,259.797176,259.808982,260.127944,259.49436,249.869006,29.685121,963.824272,263.715631,147.932076,0.161953
NC_017527.1,260.602857,260.097349,260.375977,260.434039,260.427667,217.41947,13.292438,10.047851,127.972798,598.68175,581.469574,13.377998,139.648165,260.47021,260.135703,260.063302,260.538894,260.475698,179.285737,14.706645,7.926629,134.17703,599.971336,583.637706,14.285103,161.663112,260.418048,260.676202,260.274014,259.971429,260.48567,142.44749,12.109949,8.476687,133.365337,608.583797,576.201302,14.392495,192.002036,264.556406,587.755588,264.418095,264.101997,264.681853,264.240839,264.165724,264.215348,399.644023,38.741028,40.441888,476.111817,1176.872808,264.556406,679.809636,264.360563,264.590098,264.701207,264.228625,264.428539,264.261669,364.435533,39.7701,41.496274,476.543331,1175.601043,264.607859,494.414491,264.330116,264.493623,264.533924,264.231988,264.110258,298.764382,382.039217,38.284672,40.068141,480.313311,1176.66245
NC_016637.1,262.219415,260.897173,259.952715,262.206822,260.494204,216.381703,0.705196,0.025186,1130.667751,1047.16504,0.050371,0.050371,140.182804,262.232007,262.093487,261.766075,262.458677,261.56459,180.10191,0.90668,0.075557,1166.380869,1148.801351,4.256359,0.075557,162.094237,261.1994,257.862313,261.728296,260.922358,262.294971,143.771745,0.742974,0.075557,741.53832,1206.501459,0.075557,0.100742,197.744392,260.393462,170.418064,263.390543,264.196481,263.69277,263.69277,262.055708,266.526145,6.145276,0.201484,416.103161,136.090151,0.151113,260.393462,142.827287,262.307564,260.557168,262.269786,263.629806,264.108331,265.795763,6.296389,0.125928,390.388708,144.464348,0.151113,264.889083,195.704362,261.463848,263.214244,262.773497,263.37795,262.723126,252.686682,6.472688,0.113335,414.529063,126.444083,0.201484
NZ_HF570956.1,255.97015,255.637394,255.998878,255.879683,256.004395,213.313563,0.633691,0.059455,0.124855,6.504572,330.961575,915.670648,557.675302,256.232939,256.100141,256.03222,255.904749,256.037357,176.239241,0.6501,0.05798,0.126091,6.077117,332.230003,915.088516,504.702628,255.930814,256.254057,255.9516,256.239265,255.982231,140.073385,0.664322,0.055697,0.123903,6.009053,336.525099,914.595566,437.178749,253.109289,163.249551,252.99585,253.257212,252.890591,253.154189,253.100632,252.983436,6.086011,15.681699,254.559173,385.888165,0.1552,253.109289,138.076471,253.413744,252.94724,252.986337,252.938964,252.830613,253.167031,5.758012,14.170553,255.766292,384.409029,0.148684,253.054353,189.376854,253.130931,253.290649,253.261398,253.060727,252.897107,243.470746,6.256479,15.774306,254.92684,384.753343,0.15344
GC_24_2,0,0,0,0,0,0,0,0,0,0,0,0,0,0,0,0,0,0,0,0,0,0,0,0,0,0,0,0,0,0,0,0,0,0,0,0,0,0,0,0,0,0,0,0,0,0,0,0,0,0,0,0,0,0,0,0,0,0,0,0,0,0,0,0,0,0,0,0,0,0,0,0,0,0,0,0,0,0
GC_24_3,0,0,0,0,0,0,0,0,0,0,0,0,0,0,0,0,0,0,0,0,0,0,0,0,0,0,0,0,0,0,0,0,0,0,0,0,0,0,0,0,0,0,0,0,0,0,0,0,0,0,0,0,0,0,0,0,0,0,0,0,0,0,0,0,0,0,0,0,0,0,0,0,0,0,0,0,0,0
GC_68_1,7.947368,67.8583,69.38664,74.888664,73.97166,3.362348,0.611336,0,0.917004,0.611336,3.362348,10.087045,33.92915,7.947368,67.8583,69.38664,74.888664,73.97166,3.362348,0.611336,0,0.917004,0.611336,3.362348,10.087045,33.92915,7.947368,67.8583,69.38664,74.888664,73.97166,3.362348,0.611336,0,0.917004,0.611336,3.362348,10.087045,33.92915,5.807692,47.072874,60.522267,63.273279,81.919028,0.611336,0.917004,0.611336,0.305668,0.611336,2.139676,16.506073,34.69332,5.807692,47.072874,60.522267,63.273279,81.919028,0.611336,0.917004,0.611336,0.305668,0.611336,2.139676,16.506073,34.69332,5.807692,47.072874,60.522267,63.273279,81.919028,0.611336,0.917004,0.611336,0.305668,0.611336,2.139676,16.506073,34.69332
GC_68_2,0,0,0,0,0,0,0,0,0,0,0,0,0,0,0,0,0,0,0,0,0,0,0,0,0,0,0,0,0,0,0,0,0,0,0,0,0,0,0,0,0,0,0,0,0,0,0,0,0,0,0,0,0,0,0,0,0,0,0,0,0,0,0,0,0,0,0,0,0,0,0,0,0,0,0,0,0,0
GC_68_3,2.718,17.818,19.479,17.516,23.254,0.906,0,0,0,0.302,0,4.379,7.852,2.718,17.818,19.479,17.516,23.254,0.906,0,0,0,0.302,0,4.379,7.852,2.718,17.818,19.479,17.516,23.254,0.906,0,0,0,0.302,0,4.379,7.852,2.718,15.1,16.61,13.59,19.328,0.302,0,0,0,0,2.114,3.926,8.154,2.718,15.1,16.61,13.59,19.328,0.302,0,0,0,0,2.114,3.926,8.154,2.718,15.1,16.61,13.59,19.328,0.302,0,0,0,0,2.114,3.926,8.154
GC_74_1,65.579739,450.273821,520.851555,598.699097,551.293882,21.809428,7.269809,2.726179,4.543631,8.784353,27.716148,108.744233,284.734203,65.579739,450.273821,520.851555,598.699097,551.293882,21.809428,7.269809,2.726179,4.543631,8.784353,27.716148,108.744233,284.734203,65.579739,450.273821,520.851555,598.699097,551.293882,21.809428,7.269809,2.726179,4.543631,8.784353,27.716148,108.744233,284.734203,30.290873,407.8666,456.48345,490.409228,616.116349,9.390171,4.543631,3.937813,3.634905,6.361083,16.054162,89.660983,232.785356,30.290873,407.8666,456.48345,490.409228,616.116349,9.390171,4.543631,3.937813,3.634905,6.361083,16.054162,89.660983,232.785356,30.290873,407.8666,456.48345,490.409228,616.116349,9.390171,4.543631,3.937813,3.634905,6.361083,16.054162,89.660983,232.785356
GC_74_2,33.22,227.708,250.811,280.407,283.88,10.721,2.416,1.812,1.812,3.624,14.949,45.904,135.145,33.22,227.708,250.811,280.407,283.88,10.721,2.416,1.812,1.812,3.624,14.949,45.904,135.145,33.22,227.708,250.811,280.407,283.88,10.721,2.416,1.812,1.812,3.624,14.949,45.904,135.145,16.006,193.28,230.275,250.66,281.313,5.738,3.624,0.906,1.812,3.624,8.154,51.189,109.324,16.006,193.28,230.275,250.66,281.313,5.738,3.624,0.906,1.812,3.624,8.154,51.189,109.324,16.006,193.28,230.275,250.66,281.313,5.738,3.624,0.906,1.812,3.624,8.154,51.189,109.324
M11_G,843.029787,6192.560486,6864.762918,7711.005471,7402.947112,252.248024,89.039514,45.71307,65.081459,103.542857,395.078419,1410.128875,3728.368997,843.029787,6192.560486,6864.762918,7711.005471,7402.947112,252.248024,89.039514,45.71307,65.081459,103.542857,395.078419,1410.128875,3728.368997,843.029787,6192.560486,6864.762918,7711.005471,7402.947112,252.248024,89.039514,45.71307,65.081459,103.542857,395.078419,1410.128875,3728.368997,441.158663,5380.832219,6079.103951,6580.111854,7819.780547,131.998784,61.134347,48.007903,51.679635,87.203647,288.322796,1265.370821,3159.250456,441.158663,5380.832219,6079.103951,6580.111854,7819.780547,131.998784,61.134347,48.007903,51.679635,87.203647,288.322796,1265.370821,3159.250456,441.158663,5380.832219,6079.103951,6580.111854,7819.780547,131.998784,61.134347,48.007903,51.679635,87.203647,288.322796,1265.370821,3159.250456
M13_G,515.100805,3888.267866,4341.69664,4810.704212,4649.12778,163.434453,55.168954,26.584004,40.733554,66.245622,237.683862,871.126361,2336.748225,515.100805,3888.267866,4341.69664,4810.704212,4649.12778,163.434453,55.168954,26.584004,40.733554,66.245622,237.683862,871.126361,2336.748225,515.100805,3888.267866,4341.69664,4810.704212,4649.12778,163.434453,55.168954,26.584004,40.733554,66.245622,237.683862,871.126361,2336.748225,263.910554,3341.151917,3819.878372,4122.807383,4931.904401,77.822527,36.159962,30.514434,28.227638,61.457643,190.733081,811.598202,1985.010412,263.910554,3341.151917,3819.878372,4122.807383,4931.904401,77.822527,36.159962,30.514434,28.227638,61.457643,190.733081,811.598202,1985.010412,263.910554,3341.151917,3819.878372,4122.807383,4931.904401,77.822527,36.159962,30.514434,28.227638,61.457643,190.733081,811.598202,1985.010412
M15_G,147.949095,1089.926004,1200.115193,1346.003936,1299.92338,40.256101,13.907373,7.369719,11.648911,16.403569,67.595382,253.938336,660.30307,147.949095,1089.926004,1200.115193,1346.003936,1299.92338,40.256101,13.907373,7.369719,11.648911,16.403569,67.595382,253.938336,660.30307,147.949095,1089.926004,1200.115193,1346.003936,1299.92338,40.256101,13.907373,7.369719,11.648911,16.403569,67.595382,253.938336,660.30307,76.312254,930.36762,1067.064025,1171.864602,1372.194175,22.188402,10.816846,7.131986,10.064025,17.711099,48.457885,227.668853,552.332721,76.312254,930.36762,1067.064025,1171.864602,1372.194175,22.188402,10.816846,7.131986,10.064025,17.711099,48.457885,227.668853,552.332721,76.312254,930.36762,1067.064025,1171.864602,1372.194175,22.188402,10.816846,7.131986,10.064025,17.711099,48.457885,227.668853,552.332721
M16_G,0,0,0,0,0,0,0,0,0,0,0,0,0,0,0,0,0,0,0,0,0,0,0,0,0,0,0,0,0,0,0,0,0,0,0,0,0,0,0,0,0,0,0,0,0,0,0,0,0,0,0,0,0,0,0,0,0,0,0,0,0,0,0,0,0,0,0,0,0,0,0,0,0,0,0,0,0,0
M1_G,0,0,0,0,0,0,0,0,0,0,0,0,0,0,0,0,0,0,0,0,0,0,0,0,0,0,0,0,0,0,0,0,0,0,0,0,0,0,0,0,0,0,0,0,0,0,0,0,0,0,0,0,0,0,0,0,0,0,0,0,0,0,0,0,0,0,0,0,0,0,0,0,0,0,0,0,0,0
M3_G,0,0,0,0,0,0,0,0,0,0,0,0,0,0,0,0,0,0,0,0,0,0,0,0,0,0,0,0,0,0,0,0,0,0,0,0,0,0,0,0,0,0,0,0,0,0,0,0,0,0,0,0,0,0,0,0,0,0,0,0,0,0,0,0,0,0,0,0,0,0,0,0,0,0,0,0,0,0
M5_G,122.47188,952.706503,1047.446397,1181.196837,1143.513181,42.991213,13.534271,6.369069,10.880492,16.453427,59.710018,232.471002,565.387522,122.47188,952.706503,1047.446397,1181.196837,1143.513181,42.991213,13.534271,6.369069,10.880492,16.453427,59.710018,232.471002,565.387522,122.47188,952.706503,1047.446397,1181.196837,1143.513181,42.991213,13.534271,6.369069,10.880492,16.453427,59.710018,232.471002,565.387522,66.344464,815.240773,891.934974,1037.760105,1201.630931,20.964851,8.226714,5.042179,6.103691,15.657293,39.939367,208.321617,475.424429,66.344464,815.240773,891.934974,1037.760105,1201.630931,20.964851,8.226714,5.042179,6.103691,15.657293,39.939367,208.321617,475.424429,66.344464,815.240773,891.934974,1037.760105,1201.630931,20.964851,8.226714,5.042179,6.103691,15.657293,39.939367,208.321617,475.424429
M7_G,14.253687,105.388201,118.751032,130.510324,131.044838,3.919764,1.425369,0.534513,1.425369,0.178171,5.523304,27.082006,61.647198,14.253687,105.388201,118.751032,130.510324,131.044838,3.919764,1.425369,0.534513,1.425369,0.178171,5.523304,27.082006,61.647198,14.253687,105.388201,118.751032,130.510324,131.044838,3.919764,1.425369,0.534513,1.425369,0.178171,5.523304,27.082006,61.647198,6.770501,88.640118,97.19233,112.069617,134.875516,2.494395,0.712684,0.534513,0.712684,1.247198,5.345133,23.251327,57.816519,6.770501,88.640118,97.19233,112.069617,134.875516,2.494395,0.712684,0.534513,0.712684,1.247198,5.345133,23.251327,57.816519,6.770501,88.640118,97.19233,112.069617,134.875516,2.494395,0.712684,0.534513,0.712684,1.247198,5.345133,23.251327,57.816519
M8_G,3.75544,27.85285,36.693782,38.571503,36.850259,0.782383,0.46943,0.156477,0.156477,0.782383,2.503627,7.823834,17.44715,3.75544,27.85285,36.693782,38.571503,36.850259,0.782383,0.46943,0.156477,0.156477,0.782383,2.503627,7.823834,17.44715,3.75544,27.85285,36.693782,38.571503,36.850259,0.782383,0.46943,0.156477,0.156477,0.782383,2.503627,7.823834,17.44715,2.34715,26.131606,27.070466,33.173057,40.683938,1.251813,0.156477,0.312953,0.46943,0.625907,1.40829,6.728497,15.960622,2.34715,26.131606,27.070466,33.173057,40.683938,1.251813,0.156477,0.312953,0.46943,0.625907,1.40829,6.728497,15.960622,2.34715,26.131606,27.070466,33.173057,40.683938,1.251813,0.156477,0.312953,0.46943,0.625907,1.40829,6.728497,15.960622
M9_G,74.619362,552.570762,606.17224,676.68196,650.497667,23.307543,7.162519,4.696734,5.048989,7.279938,30.528771,124.463453,326.540435,74.619362,552.570762,606.17224,676.68196,650.497667,23.307543,7.162519,4.696734,5.048989,7.279938,30.528771,124.463453,326.540435,74.619362,552.570762,606.17224,676.68196,650.497667,23.307543,7.162519,4.696734,5.048989,7.279938,30.528771,124.463453,326.540435,34.990669,469.438569,534.429627,587.502722,679.206454,10.391524,5.401244,2.641913,4.579316,8.51283,23.013997,113.719673,274.054432,34.990669,469.438569,534.429627,587.502722,679.206454,10.391524,5.401244,2.641913,4.579316,8.51283,23.013997,113.719673,274.054432,34.990669,469.438569,534.429627,587.502722,679.206454,10.391524,5.401244,2.641913,4.579316,8.51283,23.013997,113.719673,274.054432
MG_03,0,0,0,0,0,0,0,0,0,0,0,0,0,0,0,0,0,0,0,0,0,0,0,0,0,0,0,0,0,0,0,0,0,0,0,0,0,0,0,0,0,0,0,0,0,0,0,0,0,0,0,0,0,0,0,0,0,0,0,0,0,0,0,0,0,0,0,0,0,0,0,0,0,0,0,0,0,0
MG_04,0,0,0,0,0,0,0,0,0,0,0,0,0,0,0,0,0,0,0,0,0,0,0,0,0,0,0,0,0,0,0,0,0,0,0,0,0,0,0,0,0,0,0,0,0,0,0,0,0,0,0,0,0,0,0,0,0,0,0,0,0,0,0,0,0,0,0,0,0,0,0,0,0,0,0,0,0,0
MG_06,4.577702,37.862303,41.969401,40.750106,43.060348,1.582944,0.556169,0.256694,0.470605,0.855645,1.925202,7.893328,22.567644,4.577702,37.862303,41.969401,40.750106,43.060348,1.582944,0.556169,0.256694,0.470605,0.855645,1.925202,7.893328,22.567644,4.577702,37.862303,41.969401,40.750106,43.060348,1.582944,0.556169,0.256694,0.470605,0.855645,1.925202,7.893328,22.567644,2.951976,28.749681,37.434481,39.766114,45.948151,0.727298,0.342258,0.598952,0.213911,0.38504,1.754073,7.144638,18.503329,2.951976,28.749681,37.434481,39.766114,45.948151,0.727298,0.342258,0.598952,0.213911,0.38504,1.754073,7.144638,18.503329,2.951976,28.749681,37.434481,39.766114,45.948151,0.727298,0.342258,0.598952,0.213911,0.38504,1.754073,7.144638,18.503329
MG_07,2.570006,17.141458,20.269107,21.917791,22.063263,0.921323,0.339435,0.193963,0.096981,0.096981,1.018304,3.830764,9.382948,2.570006,17.141458,20.269107,21.917791,22.063263,0.921323,0.339435,0.193963,0.096981,0.096981,1.018304,3.830764,9.382948,2.570006,17.141458,20.269107,21.917791,22.063263,0.921323,0.339435,0.193963,0.096981,0.096981,1.018304,3.830764,9.382948,1.794155,16.899004,18.038536,19.517502,23.517983,0.242453,0.242453,0.290944,0,0.145472,0.921323,3.588311,9.625401,1.794155,16.899004,18.038536,19.517502,23.517983,0.242453,0.242453,0.290944,0,0.145472,0.921323,3.588311,9.625401,1.794155,16.899004,18.038536,19.517502,23.517983,0.242453,0.242453,0.290944,0,0.145472,0.921323,3.588311,9.625401
MG_08,0,0,0,0,0,0,0,0,0,0,0,0,0,0,0,0,0,0,0,0,0,0,0,0,0,0,0,0,0,0,0,0,0,0,0,0,0,0,0,0,0,0,0,0,0,0,0,0,0,0,0,0,0,0,0,0,0,0,0,0,0,0,0,0,0,0,0,0,0,0,0,0,0,0,0,0,0,0
MG_15,35.158686,272.343856,295.729661,344.100847,324.522034,11.708898,4.350847,1.791525,2.815254,5.502542,15.995763,62.735381,165.908051,35.158686,272.343856,295.729661,344.100847,324.522034,11.708898,4.350847,1.791525,2.815254,5.502542,15.995763,62.735381,165.908051,35.158686,272.343856,295.729661,344.100847,324.522034,11.708898,4.350847,1.791525,2.815254,5.502542,15.995763,62.735381,165.908051,19.994703,233.890042,271.927966,283.988771,341.189619,5.118644,2.879237,2.559322,2.367373,4.158898,11.644915,55.953178,138.459322,19.994703,233.890042,271.927966,283.988771,341.189619,5.118644,2.879237,2.559322,2.367373,4.158898,11.644915,55.953178,138.459322,19.994703,233.890042,271.927966,283.988771,341.189619,5.118644,2.879237,2.559322,2.367373,4.158898,11.644915,55.953178,138.459322
MG_19,2365.248814,17649.9158,19499.09274,21969.89113,21029.83017,715.423387,248.956594,122.59796,183.485057,281.370019,1085.40204,3958.198529,10533.18121,2365.248814,17649.9158,19499.09274,21969.89113,21029.83017,715.423387,248.956594,122.59796,183.485057,281.370019,1085.40204,3958.198529,10533.18121,2365.248814,17649.9158,19499.09274,21969.89113,21029.83017,715.423387,248.956594,122.59796,183.485057,281.370019,1085.40204,3958.198529,10533.18121,1271.143501,15157.12642,17178.79293,18576.83231,22100.69094,360.953036,178.542457,129.976044,140.899905,276.606499,785.51518,3629.444023,8891.306926,1271.143501,15157.12642,17178.79293,18576.83231,22100.69094,360.953036,178.542457,129.976044,140.899905,276.606499,785.51518,3629.444023,8891.306926,1271.143501,15157.12642,17178.79293,18576.83231,22100.69094,360.953036,178.542457,129.976044,140.899905,276.606499,785.51518,3629.444023,8891.306926
MG_22,74.97024,559.500121,603.634648,689.017421,663.406242,20.751996,7.818534,3.105492,6.430196,8.622308,35.767965,121.808372,318.806194,74.97024,559.500121,603.634648,689.017421,663.406242,20.751996,7.818534,3.105492,6.430196,8.622308,35.767965,121.808372,318.806194,74.97024,559.500121,603.634648,689.017421,663.406242,20.751996,7.818534,3.105492,6.430196,8.622308,35.767965,121.808372,318.806194,36.060247,464.873941,533.487055,583.649891,689.71159,11.033632,5.516816,4.749577,3.50738,9.426083,24.478587,108.436487,275.219695,36.060247,464.873941,533.487055,583.649891,689.71159,11.033632,5.516816,4.749577,3.50738,9.426083,24.478587,108.436487,275.219695,36.060247,464.873941,533.487055,583.649891,689.71159,11.033632,5.516816,4.749577,3.50738,9.426083,24.478587,108.436487,275.219695
MG_23,297.553234,2231.744274,2429.226277,2733.772716,2645.141455,91.06368,31.051347,17.292978,23.830103,35.19406,135.417317,494.35112,1304.992701,297.553234,2231.744274,2429.226277,2733.772716,2645.141455,91.06368,31.051347,17.292978,23.830103,35.19406,135.417317,494.35112,1304.992701,297.553234,2231.744274,2429.226277,2733.772716,2645.141455,91.06368,31.051347,17.292978,23.830103,35.19406,135.417317,494.35112,1304.992701,153.470425,1912.109237,2191.761389,2346.448024,2773.185502,44.087591,21.701737,13.53033,17.559023,31.469419,101.629499,449.275359,1120.090863,153.470425,1912.109237,2191.761389,2346.448024,2773.185502,44.087591,21.701737,13.53033,17.559023,31.469419,101.629499,449.275359,1120.090863,153.470425,1912.109237,2191.761389,2346.448024,2773.185502,44.087591,21.701737,13.53033,17.559023,31.469419,101.629499,449.275359,1120.090863
MG_24,573.191229,4454.890765,4852.690003,5465.986107,5261.965405,184.194497,63.591937,30.191773,46.151457,69.926451,267.406974,995.094525,2601.263961,573.191229,4454.890765,4852.690003,5465.986107,5261.965405,184.194497,63.591937,30.191773,46.151457,69.926451,267.406974,995.094525,2601.263961,573.191229,4454.890765,4852.690003,5465.986107,5261.965405,184.194497,63.591937,30.191773,46.151457,69.926451,267.406974,995.094525,2601.263961,310.226641,3755.420594,4285.21629,4640.771724,5514.358758,88.189594,44.876328,33.112231,34.963225,73.505039,199.866249,912.910379,2191.906293,310.226641,3755.420594,4285.21629,4640.771724,5514.358758,88.189594,44.876328,33.112231,34.963225,73.505039,199.866249,912.910379,2191.906293,310.226641,3755.420594,4285.21629,4640.771724,5514.358758,88.189594,44.876328,33.112231,34.963225,73.505039,199.866249,912.910379,2191.906293
MG_28,1189.042884,8852.175575,9823.868552,10861.30143,10500.78776,349.345867,123.221255,60.812927,90.984773,137.908328,525.449969,1999.084214,5254.077377,1189.042884,8852.175575,9823.868552,10861.30143,10500.78776,349.345867,123.221255,60.812927,90.984773,137.908328,525.449969,1999.084214,5254.077377,1189.042884,8852.175575,9823.868552,10861.30143,10500.78776,349.345867,123.221255,60.812927,90.984773,137.908328,525.449969,1999.084214,5254.077377,639.521131,7558.023928,8577.29739,9277.772219,11094.74612,179.060286,81.928527,66.819142,64.332194,130.54133,394.627098,1824.66936,4433.665942,639.521131,7558.023928,8577.29739,9277.772219,11094.74612,179.060286,81.928527,66.819142,64.332194,130.54133,394.627098,1824.66936,4433.665942,639.521131,7558.023928,8577.29739,9277.772219,11094.74612,179.060286,81.928527,66.819142,64.332194,130.54133,394.627098,1824.66936,4433.665942
MG_29,0,0,0,0,0,0,0,0,0,0,0,0,0,0,0,0,0,0,0,0,0,0,0,0,0,0,0,0,0,0,0,0,0,0,0,0,0,0,0,0,0,0,0,0,0,0,0,0,0,0,0,0,0,0,0,0,0,0,0,0,0,0,0,0,0,0,0,0,0,0,0,0,0,0,0,0,0,0
MG_30,40.273396,282.267045,306.087901,349.843583,327.789104,10.800134,3.734626,2.119652,3.028075,4.542112,17.66377,60.763369,164.878676,40.273396,282.267045,306.087901,349.843583,327.789104,10.800134,3.734626,2.119652,3.028075,4.542112,17.66377,60.763369,164.878676,40.273396,282.267045,306.087901,349.843583,327.789104,10.800134,3.734626,2.119652,3.028075,4.542112,17.66377,60.763369,164.878676,20.489973,233.817848,265.663102,284.689505,347.622995,4.945856,3.129011,2.119652,2.018717,4.340241,12.616979,55.918449,136.011029,20.489973,233.817848,265.663102,284.689505,347.622995,4.945856,3.129011,2.119652,2.018717,4.340241,12.616979,55.918449,136.011029,20.489973,233.817848,265.663102,284.689505,347.622995,4.945856,3.129011,2.119652,2.018717,4.340241,12.616979,55.918449,136.011029
MG_31,76.974411,531.39798,598.864983,678.839057,656.417845,23.692256,7.016162,4.06734,5.389226,6.812795,34.979125,117.952862,334.284512,76.974411,531.39798,598.864983,678.839057,656.417845,23.692256,7.016162,4.06734,5.389226,6.812795,34.979125,117.952862,334.284512,76.974411,531.39798,598.864983,678.839057,656.417845,23.692256,7.016162,4.06734,5.389226,6.812795,34.979125,117.952862,334.284512,37.114478,463.981818,545.023569,582.493939,686.109428,11.541077,6.609428,4.06734,4.270707,9.151515,25.827609,112.97037,269.613805,37.114478,463.981818,545.023569,582.493939,686.109428,11.541077,6.609428,4.06734,4.270707,9.151515,25.827609,112.97037,269.613805,37.114478,463.981818,545.023569,582.493939,686.109428,11.541077,6.609428,4.06734,4.270707,9.151515,25.827609,112.97037,269.613805
MG_32,2352.222299,17675.3918,19469.92636,21959.66933,20970.17089,714.142411,246.561653,124.723168,190.441473,280.023967,1098.434526,3981.123654,10536.90483,2352.222299,17675.3918,19469.92636,21959.66933,20970.17089,714.142411,246.561653,124.723168,190.441473,280.023967,1098.434526,3981.123654,10536.90483,2352.222299,17675.3918,19469.92636,21959.66933,20970.17089,714.142411,246.561653,124.723168,190.441473,280.023967,1098.434526,3981.123654,10536.90483,1271.35811,15190.00208,17292.77805,18594.13685,22111.14137,362.42098,173.867662,125.719694,140.77249,268.904828,786.626606,3638.633206,8841.393539,1271.35811,15190.00208,17292.77805,18594.13685,22111.14137,362.42098,173.867662,125.719694,140.77249,268.904828,786.626606,3638.633206,8841.393539,1271.35811,15190.00208,17292.77805,18594.13685,22111.14137,362.42098,173.867662,125.719694,140.77249,268.904828,786.626606,3638.633206,8841.393539
MG_33,19.511236,147.712781,166.481742,182.016503,172.685042,6.25632,2.226826,1.060393,1.802669,2.650983,8.483146,34.886938,89.762289,19.511236,147.712781,166.481742,182.016503,172.685042,6.25632,2.226826,1.060393,1.802669,2.650983,8.483146,34.886938,89.762289,19.511236,147.712781,166.481742,182.016503,172.685042,6.25632,2.226826,1.060393,1.802669,2.650983,8.483146,34.886938,89.762289,11.664326,126.504916,139.123596,159.005969,184.614466,3.07514,1.696629,0.848315,1.060393,2.544944,6.680478,27.464185,71.046348,11.664326,126.504916,139.123596,159.005969,184.614466,3.07514,1.696629,0.848315,1.060393,2.544944,6.680478,27.464185,71.046348,11.664326,126.504916,139.123596,159.005969,184.614466,3.07514,1.696629,0.848315,1.060393,2.544944,6.680478,27.464185,71.046348
MG_36,606.521336,4395.080519,4825.948794,5469.225603,5247.852319,179.238961,61.464564,30.14397,49.586271,70.429314,270.511317,995.535436,2614.513173,606.521336,4395.080519,4825.948794,5469.225603,5247.852319,179.238961,61.464564,30.14397,49.586271,70.429314,270.511317,995.535436,2614.513173,606.521336,4395.080519,4825.948794,5469.225603,5247.852319,179.238961,61.464564,30.14397,49.586271,70.429314,270.511317,995.535436,2614.513173,316.119481,3782.395918,4290.529128,4673.492022,5532.931354,87.07013,45.047866,31.768831,36.139147,63.817811,199.297588,919.110946,2196.531725,316.119481,3782.395918,4290.529128,4673.492022,5532.931354,87.07013,45.047866,31.768831,36.139147,63.817811,199.297588,919.110946,2196.531725,316.119481,3782.395918,4290.529128,4673.492022,5532.931354,87.07013,45.047866,31.768831,36.139147,63.817811,199.297588,919.110946,2196.531725
MG_37,0,0,0,0,0,0,0,0,0,0,0,0,0,0,0,0,0,0,0,0,0,0,0,0,0,0,0,0,0,0,0,0,0,0,0,0,0,0,0,0,0,0,0,0,0,0,0,0,0,0,0,0,0,0,0,0,0,0,0,0,0,0,0,0,0,0,0,0,0,0,0,0,0,0,0,0,0,0
MG_38,2.465785,18.434681,17.965008,21.37014,22.309487,0.939347,0.117418,0,0.469673,0.352255,1.996112,4.461897,11.741835,2.465785,18.434681,17.965008,21.37014,22.309487,0.939347,0.117418,0,0.469673,0.352255,1.996112,4.461897,11.741835,2.465785,18.434681,17.965008,21.37014,22.309487,0.939347,0.117418,0,0.469673,0.352255,1.996112,4.461897,11.741835,1.643857,14.677294,17.965008,16.908243,23.542379,0.234837,0.352255,0,0,0.117418,0.939347,3.170295,10.097978,1.643857,14.677294,17.965008,16.908243,23.542379,0.234837,0.352255,0,0,0.117418,0.939347,3.170295,10.097978,1.643857,14.677294,17.965008,16.908243,23.542379,0.234837,0.352255,0,0,0.117418,0.939347,3.170295,10.097978
MG_39,1188.948047,8722.668359,9643.886328,10873.59258,10472.55781,367.708594,120.917969,57.627734,92.841406,140.500781,539.117188,1984.883203,5260.226562,1188.948047,8722.668359,9643.886328,10873.59258,10472.55781,367.708594,120.917969,57.627734,92.841406,140.500781,539.117188,1984.883203,5260.226562,1188.948047,8722.668359,9643.886328,10873.59258,10472.55781,367.708594,120.917969,57.627734,92.841406,140.500781,539.117188,1984.883203,5260.226562,627.829687,7514.1375,8478.296094,9224.035547,10973.39414,177.366016,91.071875,63.467188,67.95,131.535156,386.229688,1784.395313,4385.075391,627.829687,7514.1375,8478.296094,9224.035547,10973.39414,177.366016,91.071875,63.467188,67.95,131.535156,386.229688,1784.395313,4385.075391,627.829687,7514.1375,8478.296094,9224.035547,10973.39414,177.366016,91.071875,63.467188,67.95,131.535156,386.229688,1784.395313,4385.075391
MG_40,20.608256,146.611205,147.310868,177.905223,157.424179,6.869419,2.544229,0.508846,1.399326,3.053075,9.922494,29.894693,83.641533,20.608256,146.611205,147.310868,177.905223,157.424179,6.869419,2.544229,0.508846,1.399326,3.053075,9.922494,29.894693,83.641533,20.608256,146.611205,147.310868,177.905223,157.424179,6.869419,2.544229,0.508846,1.399326,3.053075,9.922494,29.894693,83.641533,8.395956,122.313816,131.981887,148.710194,174.216091,3.116681,1.272115,0.89048,0.763269,2.798652,7.123842,26.968829,64.559815,8.395956,122.313816,131.981887,148.710194,174.216091,3.116681,1.272115,0.89048,0.763269,2.798652,7.123842,26.968829,64.559815,8.395956,122.313816,131.981887,148.710194,174.216091,3.116681,1.272115,0.89048,0.763269,2.798652,7.123842,26.968829,64.559815
MG_41,274.285651,2065.018046,2258.619718,2556.100352,2430.422095,85.269806,26.71743,13.491637,21.533451,35.689701,129.333627,472.672535,1210.924296,274.285651,2065.018046,2258.619718,2556.100352,2430.422095,85.269806,26.71743,13.491637,21.533451,35.689701,129.333627,472.672535,1210.924296,274.285651,2065.018046,2258.619718,2556.100352,2430.422095,85.269806,26.71743,13.491637,21.533451,35.689701,129.333627,472.672535,1210.924296,145.550176,1751.055018,2008.858275,2163.580106,2557.695423,39.477993,20.935299,13.026408,16.216549,31.236796,87.130722,422.826585,1003.963908,145.550176,1751.055018,2008.858275,2163.580106,2557.695423,39.477993,20.935299,13.026408,16.216549,31.236796,87.130722,422.826585,1003.963908,145.550176,1751.055018,2008.858275,2163.580106,2557.695423,39.477993,20.935299,13.026408,16.216549,31.236796,87.130722,422.826585,1003.963908
MG_42,70.917147,523.783341,563.858219,634.842268,614.303057,21.944174,6.957909,2.007089,5.619849,7.225521,28.835179,116.07665,299.123172,70.917147,523.783341,563.858219,634.842268,614.303057,21.944174,6.957909,2.007089,5.619849,7.225521,28.835179,116.07665,299.123172,70.917147,523.783341,563.858219,634.842268,614.303057,21.944174,6.957909,2.007089,5.619849,7.225521,28.835179,116.07665,299.123172,42.015064,432.126274,492.740363,542.181657,637.652193,8.697386,4.683208,3.880372,3.813469,6.021267,24.486486,107.178556,261.256092,42.015064,432.126274,492.740363,542.181657,637.652193,8.697386,4.683208,3.880372,3.813469,6.021267,24.486486,107.178556,261.256092,42.015064,432.126274,492.740363,542.181657,637.652193,8.697386,4.683208,3.880372,3.813469,6.021267,24.486486,107.178556,261.256092
MG_43,128.436782,987.574713,1090.87954,1246.531034,1193.212414,39.641839,14.162759,7.22023,9.71954,15.898391,63.593563,227.784368,594.627586,128.436782,987.574713,1090.87954,1246.531034,1193.212414,39.641839,14.162759,7.22023,9.71954,15.898391,63.593563,227.784368,594.627586,128.436782,987.574713,1090.87954,1246.531034,1193.212414,39.641839,14.162759,7.22023,9.71954,15.898391,63.593563,227.784368,594.627586,72.202299,847.613333,963.484138,1055.958621,1226.397701,20.549885,9.025287,6.248276,9.58069,16.384368,42.488276,198.278621,504.027586,72.202299,847.613333,963.484138,1055.958621,1226.397701,20.549885,9.025287,6.248276,9.58069,16.384368,42.488276,198.278621,504.027586,72.202299,847.613333,963.484138,1055.958621,1226.397701,20.549885,9.025287,6.248276,9.58069,16.384368,42.488276,198.278621,504.027586
MG_44,9.858391,69.98069,67.411954,81.505287,83.726897,2.638161,0.694253,0.416552,0.555402,0.694253,4.85977,14.162759,40.127816,9.858391,69.98069,67.411954,81.505287,83.726897,2.638161,0.694253,0.416552,0.555402,0.694253,4.85977,14.162759,40.127816,9.858391,69.98069,67.411954,81.505287,83.726897,2.638161,0.694253,0.416552,0.555402,0.694253,4.85977,14.162759,40.127816,4.443218,55.67908,67.828506,71.924598,81.366437,1.805057,0.416552,0.277701,1.110805,1.110805,2.49931,13.954483,33.462989,4.443218,55.67908,67.828506,71.924598,81.366437,1.805057,0.416552,0.277701,1.110805,1.110805,2.49931,13.954483,33.462989,4.443218,55.67908,67.828506,71.924598,81.366437,1.805057,0.416552,0.277701,1.110805,1.110805,2.49931,13.954483,33.462989
MG_45,1179.351345,8821.663678,9687.672644,10932.04143,10498.21372,354.174945,120.265811,60.224376,95.605282,135.08408,537.409256,1982.245457,5257.485583,1179.351345,8821.663678,9687.672644,10932.04143,10498.21372,354.174945,120.265811,60.224376,95.605282,135.08408,537.409256,1982.245457,5257.485583,1179.351345,8821.663678,9687.672644,10932.04143,10498.21372,354.174945,120.265811,60.224376,95.605282,135.08408,537.409256,1982.245457,5257.485583,630.160649,7533.169372,8658.150472,9316.447541,11042.50158,177.526533,88.836443,64.06615,68.237218,136.145142,394.129392,1806.365399,4447.346983,630.160649,7533.169372,8658.150472,9316.447541,11042.50158,177.526533,88.836443,64.06615,68.237218,136.145142,394.129392,1806.365399,4447.346983,630.160649,7533.169372,8658.150472,9316.447541,11042.50158,177.526533,88.836443,64.06615,68.237218,136.145142,394.129392,1806.365399,4447.346983
MG_46,8.956364,70.955597,80.938384,92.940906,86.087052,3.178599,1.191975,0.728429,0.728429,1.225085,5.297665,16.257209,42.99386,8.956364,70.955597,80.938384,92.940906,86.087052,3.178599,1.191975,0.728429,0.728429,1.225085,5.297665,16.257209,42.99386,8.956364,70.955597,80.938384,92.940906,86.087052,3.178599,1.191975,0.728429,0.728429,1.225085,5.297665,16.257209,42.99386,5.264554,62.18134,70.756935,79.133867,94.364653,1.754851,0.82776,0.529766,0.463546,1.291306,3.31104,14.601688,37.480978,5.264554,62.18134,70.756935,79.133867,94.364653,1.754851,0.82776,0.529766,0.463546,1.291306,3.31104,14.601688,37.480978,5.264554,62.18134,70.756935,79.133867,94.364653,1.754851,0.82776,0.529766,0.463546,1.291306,3.31104,14.601688,37.480978
MG_47,0,0,0,0,0,0,0,0,0,0,0,0,0,0,0,0,0,0,0,0,0,0,0,0,0,0,0,0,0,0,0,0,0,0,0,0,0,0,0,0,0,0,0,0,0,0,0,0,0,0,0,0,0,0,0,0,0,0,0,0,0,0,0,0,0,0,0,0,0,0,0,0,0,0,0,0,0,0
MG_49,2.147621,16.2923,19.254537,17.477195,23.253556,0.592447,0.444335,0.148112,0.444335,0.148112,1.481118,3.25846,10.664051,2.147621,16.2923,19.254537,17.477195,23.253556,0.592447,0.444335,0.148112,0.444335,0.148112,1.481118,3.25846,10.664051,2.147621,16.2923,19.254537,17.477195,23.253556,0.592447,0.444335,0.148112,0.444335,0.148112,1.481118,3.25846,10.664051,1.110839,16.144188,16.884747,14.811182,21.031878,0.148112,0.296224,0,0,0.296224,0.592447,3.702795,7.849926,1.110839,16.144188,16.884747,14.811182,21.031878,0.148112,0.296224,0,0,0.296224,0.592447,3.702795,7.849926,1.110839,16.144188,16.884747,14.811182,21.031878,0.148112,0.296224,0,0,0.296224,0.592447,3.702795,7.849926
MG_50,6.668302,60.607458,70.017174,75.351816,73.944063,2.222767,0.444553,0,0.444553,0.889107,3.260059,14.818449,38.89843,6.668302,60.607458,70.017174,75.351816,73.944063,2.222767,0.444553,0,0.444553,0.889107,3.260059,14.818449,38.89843,6.668302,60.607458,70.017174,75.351816,73.944063,2.222767,0.444553,0,0.444553,0.889107,3.260059,14.818449,38.89843,3.556428,58.236506,62.97841,63.571148,76.389107,1.778214,0.444553,0.592738,1.037291,1.037291,2.815505,14.52208,33.786065,3.556428,58.236506,62.97841,63.571148,76.389107,1.778214,0.444553,0.592738,1.037291,1.037291,2.815505,14.52208,33.786065,3.556428,58.236506,62.97841,63.571148,76.389107,1.778214,0.444553,0.592738,1.037291,1.037291,2.815505,14.52208,33.786065
MG_51,29.574093,225.013472,261.316062,273.521244,268.670466,8.919171,4.22487,2.034197,1.87772,4.694301,15.1,48.351295,133.318135,29.574093,225.013472,261.316062,273.521244,268.670466,8.919171,4.22487,2.034197,1.87772,4.694301,15.1,48.351295,133.318135,29.574093,225.013472,261.316062,273.521244,268.670466,8.919171,4.22487,2.034197,1.87772,4.694301,15.1,48.351295,133.318135,16.273575,188.710881,219.615026,237.218653,287.134715,6.415544,2.81658,1.721244,1.095337,3.442487,11.109845,51.011399,112.350259,16.273575,188.710881,219.615026,237.218653,287.134715,6.415544,2.81658,1.721244,1.095337,3.442487,11.109845,51.011399,112.350259,16.273575,188.710881,219.615026,237.218653,287.134715,6.415544,2.81658,1.721244,1.095337,3.442487,11.109845,51.011399,112.350259
MG_52,0,0,0,0,0,0,0,0,0,0,0,0,0,0,0,0,0,0,0,0,0,0,0,0,0,0,0,0,0,0,0,0,0,0,0,0,0,0,0,0,0,0,0,0,0,0,0,0,0,0,0,0,0,0,0,0,0,0,0,0,0,0,0,0,0,0,0,0,0,0,0,0,0,0,0,0,0,0
MG_53,14.541349,122.328074,128.98259,139.580522,137.033732,3.614799,2.793254,0.985854,1.64309,1.478781,8.215452,24.646355,69.091948,14.541349,122.328074,128.98259,139.580522,137.033732,3.614799,2.793254,0.985854,1.64309,1.478781,8.215452,24.646355,69.091948,14.541349,122.328074,128.98259,139.580522,137.033732,3.614799,2.793254,0.985854,1.64309,1.478781,8.215452,24.646355,69.091948,8.54407,97.51741,107.211643,121.260065,150.671382,2.136017,1.150163,1.150163,0.657236,1.314472,4.600653,22.510337,56.111534,8.54407,97.51741,107.211643,121.260065,150.671382,2.136017,1.150163,1.150163,0.657236,1.314472,4.600653,22.510337,56.111534,8.54407,97.51741,107.211643,121.260065,150.671382,2.136017,1.150163,1.150163,0.657236,1.314472,4.600653,22.510337,56.111534
MG_54,60.764254,437.353618,475.186404,521.049342,525.023026,19.123355,4.801535,3.642544,5.132675,6.291667,28.974781,91.146382,258.868969,60.764254,437.353618,475.186404,521.049342,525.023026,19.123355,4.801535,3.642544,5.132675,6.291667,28.974781,91.146382,258.868969,60.764254,437.353618,475.186404,521.049342,525.023026,19.123355,4.801535,3.642544,5.132675,6.291667,28.974781,91.146382,258.868969,27.98136,362.764254,427.667763,478.746162,535.205592,9.27193,3.808114,2.897478,3.808114,6.788377,20.282346,86.675987,214.910088,27.98136,362.764254,427.667763,478.746162,535.205592,9.27193,3.808114,2.897478,3.808114,6.788377,20.282346,86.675987,214.910088,27.98136,362.764254,427.667763,478.746162,535.205592,9.27193,3.808114,2.897478,3.808114,6.788377,20.282346,86.675987,214.910088
MG_55,451.049972,3441.375632,3714.125211,4201.462661,4023.586188,138.536777,45.104997,24.926446,33.150477,52.396407,201.361595,755.508703,2043.883773,451.049972,3441.375632,3714.125211,4201.462661,4023.586188,138.536777,45.104997,24.926446,33.150477,52.396407,201.361595,755.508703,2043.883773,451.049972,3441.375632,3714.125211,4201.462661,4023.586188,138.536777,45.104997,24.926446,33.150477,52.396407,201.361595,755.508703,2043.883773,247.907917,2874.341381,3282.405952,3594.32566,4314.140371,66.470522,36.796182,24.078608,24.926446,54.176867,149.89781,709.216732,1702.62886,247.907917,2874.341381,3282.405952,3594.32566,4314.140371,66.470522,36.796182,24.078608,24.926446,54.176867,149.89781,709.216732,1702.62886,247.907917,2874.341381,3282.405952,3594.32566,4314.140371,66.470522,36.796182,24.078608,24.926446,54.176867,149.89781,709.216732,1702.62886
MG_56,0,0,0,0,0,0,0,0,0,0,0,0,0,0,0,0,0,0,0,0,0,0,0,0,0,0,0,0,0,0,0,0,0,0,0,0,0,0,0,0,0,0,0,0,0,0,0,0,0,0,0,0,0,0,0,0,0,0,0,0,0,0,0,0,0,0,0,0,0,0,0,0,0,0,0,0,0,0
MG_57,0,0,0,0,0,0,0,0,0,0,0,0,0,0,0,0,0,0,0,0,0,0,0,0,0,0,0,0,0,0,0,0,0,0,0,0,0,0,0,0,0,0,0,0,0,0,0,0,0,0,0,0,0,0,0,0,0,0,0,0,0,0,0,0,0,0,0,0,0,0,0,0,0,0,0,0,0,0
MG_58,14.122302,98.765588,121.306954,133.43765,129.001799,3.983213,1.086331,0.181055,1.086331,1.810552,5.793765,21.002398,63.278777,14.122302,98.765588,121.306954,133.43765,129.001799,3.983213,1.086331,0.181055,1.086331,1.810552,5.793765,21.002398,63.278777,14.122302,98.765588,121.306954,133.43765,129.001799,3.983213,1.086331,0.181055,1.086331,1.810552,5.793765,21.002398,63.278777,6.427458,91.070743,100.032974,105.102518,137.692446,1.991607,1.086331,0.543165,0.905276,1.629496,5.61271,24.170863,45.354317,6.427458,91.070743,100.032974,105.102518,137.692446,1.991607,1.086331,0.543165,0.905276,1.629496,5.61271,24.170863,45.354317,6.427458,91.070743,100.032974,105.102518,137.692446,1.991607,1.086331,0.543165,0.905276,1.629496,5.61271,24.170863,45.354317
MG_59,26,200.181818,208.818182,239.454545,232.090909,8.181818,2.181818,1.818182,2,2.090909,11.818182,44.363636,118.727273,26,200.181818,208.818182,239.454545,232.090909,8.181818,2.181818,1.818182,2,2.090909,11.818182,44.363636,118.727273,26,200.181818,208.818182,239.454545,232.090909,8.181818,2.181818,1.818182,2,2.090909,11.818182,44.363636,118.727273,14.181818,177,193.454545,203.454545,242.363636,4,1.454545,1.818182,1.454545,2.363636,6.727273,40.545455,101.090909,14.181818,177,193.454545,203.454545,242.363636,4,1.454545,1.818182,1.454545,2.363636,6.727273,40.545455,101.090909,14.181818,177,193.454545,203.454545,242.363636,4,1.454545,1.818182,1.454545,2.363636,6.727273,40.545455,101.090909
MG_60,2.570213,24.600608,26.069301,30.658967,32.311246,0.917933,0.183587,0.183587,0.367173,0,1.468693,6.792705,15.421277,2.570213,24.600608,26.069301,30.658967,32.311246,0.917933,0.183587,0.183587,0.367173,0,1.468693,6.792705,15.421277,2.570213,24.600608,26.069301,30.658967,32.311246,0.917933,0.183587,0.183587,0.367173,0,1.468693,6.792705,15.421277,1.65228,19.368389,24.049848,23.866261,31.760486,0.917933,0.734347,0.183587,0.183587,0.183587,1.468693,4.589666,13.03465,1.65228,19.368389,24.049848,23.866261,31.760486,0.917933,0.734347,0.183587,0.183587,0.183587,1.468693,4.589666,13.03465,1.65228,19.368389,24.049848,23.866261,31.760486,0.917933,0.734347,0.183587,0.183587,0.183587,1.468693,4.589666,13.03465
MG_61,100.223759,750.918919,826.846009,925.551226,884.835324,33.40792,11.199246,4.17599,7.213074,12.622879,44.891892,177.099937,439.712759,100.223759,750.918919,826.846009,925.551226,884.835324,33.40792,11.199246,4.17599,7.213074,12.622879,44.891892,177.099937,439.712759,100.223759,750.918919,826.846009,925.551226,884.835324,33.40792,11.199246,4.17599,7.213074,12.622879,44.891892,177.099937,439.712759,54.098052,641.204274,755,800.271527,924.032684,17.653048,7.782527,5.694532,6.833438,9.870522,32.743558,151.474544,380.584538,54.098052,641.204274,755,800.271527,924.032684,17.653048,7.782527,5.694532,6.833438,9.870522,32.743558,151.474544,380.584538,54.098052,641.204274,755,800.271527,924.032684,17.653048,7.782527,5.694532,6.833438,9.870522,32.743558,151.474544,380.584538
MG_62,6.202824,50.979461,56.697689,60.380616,51.657895,1.744544,0.775353,0,0.193838,0.969191,2.907574,8.141207,26.265083,6.202824,50.979461,56.697689,60.380616,51.657895,1.744544,0.775353,0,0.193838,0.969191,2.907574,8.141207,26.265083,6.202824,50.979461,56.697689,60.380616,51.657895,1.744544,0.775353,0,0.193838,0.969191,2.907574,8.141207,26.265083,1.938383,40.221438,49.622593,48.944159,59.023748,0.775353,0.193838,0.387677,0.193838,0.387677,1.938383,11.242619,22.097561,1.938383,40.221438,49.622593,48.944159,59.023748,0.775353,0.193838,0.387677,0.193838,0.387677,1.938383,11.242619,22.097561,1.938383,40.221438,49.622593,48.944159,59.023748,0.775353,0.193838,0.387677,0.193838,0.387677,1.938383,11.242619,22.097561
MG_63,196.618734,1449.938654,1552.531003,1735.304749,1694.865435,60.360158,16.932718,7.968338,15.637863,20.219657,87.253298,329.191953,849.125989,196.618734,1449.938654,1552.531003,1735.304749,1694.865435,60.360158,16.932718,7.968338,15.637863,20.219657,87.253298,329.191953,849.125989,196.618734,1449.938654,1552.531003,1735.304749,1694.865435,60.360158,16.932718,7.968338,15.637863,20.219657,87.253298,329.191953,849.125989,99.205805,1227.82124,1427.527704,1495.955805,1782.915567,30.578496,11.55409,8.765172,12.649736,22.311346,54.782322,297.617414,718.046834,99.205805,1227.82124,1427.527704,1495.955805,1782.915567,30.578496,11.55409,8.765172,12.649736,22.311346,54.782322,297.617414,718.046834,99.205805,1227.82124,1427.527704,1495.955805,1782.915567,30.578496,11.55409,8.765172,12.649736,22.311346,54.782322,297.617414,718.046834
MG_64,1.992084,12.350923,13.844987,13.048153,14.741425,0.498021,0,0,0,0,0.199208,3.984169,8.366755,1.992084,12.350923,13.844987,13.048153,14.741425,0.498021,0,0,0,0,0.199208,3.984169,8.366755,1.992084,12.350923,13.844987,13.048153,14.741425,0.498021,0,0,0,0,0.199208,3.984169,8.366755,0.796834,9.362797,10.558047,11.354881,14.741425,0.199208,0,0,0,0,1.294855,1.792876,6.573879,0.796834,9.362797,10.558047,11.354881,14.741425,0.199208,0,0,0,0,1.294855,1.792876,6.573879,0.796834,9.362797,10.558047,11.354881,14.741425,0.199208,0,0,0,0,1.294855,1.792876,6.573879
MG_65,5.28043,47.523874,51.890383,55.139879,59.201748,2.234028,1.015467,0.203093,0.406187,0.406187,3.249496,11.373235,27.417619,5.28043,47.523874,51.890383,55.139879,59.201748,2.234028,1.015467,0.203093,0.406187,0.406187,3.249496,11.373235,27.417619,5.28043,47.523874,51.890383,55.139879,59.201748,2.234028,1.015467,0.203093,0.406187,0.406187,3.249496,11.373235,27.417619,2.030935,39.197041,46.914593,48.336247,59.100202,1.218561,0.203093,0,0.406187,0.203093,1.827841,9.545393,21.223268,2.030935,39.197041,46.914593,48.336247,59.100202,1.218561,0.203093,0,0.406187,0.203093,1.827841,9.545393,21.223268,2.030935,39.197041,46.914593,48.336247,59.100202,1.218561,0.203093,0,0.406187,0.203093,1.827841,9.545393,21.223268
MG_68,260.070299,1910.587873,2134.434095,2331.87522,2268.980668,86.911248,22.557118,15.922671,25.210896,28.660808,109.601054,425.931459,1128.917399,260.070299,1910.587873,2134.434095,2331.87522,2268.980668,86.911248,22.557118,15.922671,25.210896,28.660808,109.601054,425.931459,1128.917399,260.070299,1910.587873,2134.434095,2331.87522,2268.980668,86.911248,22.557118,15.922671,25.210896,28.660808,109.601054,425.931459,1128.917399,136.404218,1653.038664,1864.01406,1970.165202,2413.876977,42.195079,20.434095,13.003515,13.799649,28.395431,80.144112,403.108963,946.072056,136.404218,1653.038664,1864.01406,1970.165202,2413.876977,42.195079,20.434095,13.003515,13.799649,28.395431,80.144112,403.108963,946.072056,136.404218,1653.038664,1864.01406,1970.165202,2413.876977,42.195079,20.434095,13.003515,13.799649,28.395431,80.144112,403.108963,946.072056
MG_69,0,0,0,0,0,0,0,0,0,0,0,0,0,0,0,0,0,0,0,0,0,0,0,0,0,0,0,0,0,0,0,0,0,0,0,0,0,0,0,0,0,0,0,0,0,0,0,0,0,0,0,0,0,0,0,0,0,0,0,0,0,0,0,0,0,0,0,0,0,0,0,0,0,0,0,0,0,0
MG_70,0,0,0,0,0,0,0,0,0,0,0,0,0,0,0,0,0,0,0,0,0,0,0,0,0,0,0,0,0,0,0,0,0,0,0,0,0,0,0,0,0,0,0,0,0,0,0,0,0,0,0,0,0,0,0,0,0,0,0,0,0,0,0,0,0,0,0,0,0,0,0,0,0,0,0,0,0,0
MG_71,2001.903259,14977.60082,16534.65377,18413.54277,17712.97658,618.607943,227.422607,102.563136,162.686354,251.717923,923.990835,3351.062118,8917.918534,2001.903259,14977.60082,16534.65377,18413.54277,17712.97658,618.607943,227.422607,102.563136,162.686354,251.717923,923.990835,3351.062118,8917.918534,2001.903259,14977.60082,16534.65377,18413.54277,17712.97658,618.607943,227.422607,102.563136,162.686354,251.717923,923.990835,3351.062118,8917.918534,1041.776986,12818.70061,14663.14562,15709.38187,18696.93686,310.610998,146.233198,96.719959,115.172098,228.191446,658.126273,3051.368635,7466.504073,1041.776986,12818.70061,14663.14562,15709.38187,18696.93686,310.610998,146.233198,96.719959,115.172098,228.191446,658.126273,3051.368635,7466.504073,1041.776986,12818.70061,14663.14562,15709.38187,18696.93686,310.610998,146.233198,96.719959,115.172098,228.191446,658.126273,3051.368635,7466.504073
MH_01,37.699329,267.391611,296.426174,337.571141,328.247651,9.424832,4.965772,2.432215,2.026846,4.763087,16.41745,65.315101,165.238591,37.699329,267.391611,296.426174,337.571141,328.247651,9.424832,4.965772,2.432215,2.026846,4.763087,16.41745,65.315101,165.238591,37.699329,267.391611,296.426174,337.571141,328.247651,9.424832,4.965772,2.432215,2.026846,4.763087,16.41745,65.315101,165.238591,22.345973,230.655034,266.530201,296.932886,346.134564,7.296644,2.533557,3.040268,2.634899,4.611074,13.833221,50.316443,145.932886,22.345973,230.655034,266.530201,296.932886,346.134564,7.296644,2.533557,3.040268,2.634899,4.611074,13.833221,50.316443,145.932886,22.345973,230.655034,266.530201,296.932886,346.134564,7.296644,2.533557,3.040268,2.634899,4.611074,13.833221,50.316443,145.932886
MH_02,296.22349,2205.664094,2445.591946,2749.010738,2639.155705,86.039597,31.872148,14.64396,24.322148,36.989933,134.987919,492.320805,1306.200671,296.22349,2205.664094,2445.591946,2749.010738,2639.155705,86.039597,31.872148,14.64396,24.322148,36.989933,134.987919,492.320805,1306.200671,296.22349,2205.664094,2445.591946,2749.010738,2639.155705,86.039597,31.872148,14.64396,24.322148,36.989933,134.987919,492.320805,1306.200671,151.810738,1883.446309,2163.404362,2281.822819,2784.429866,47.07349,21.231208,17.886913,15.910738,35.469799,101.494295,442.409732,1124.899329,151.810738,1883.446309,2163.404362,2281.822819,2784.429866,47.07349,21.231208,17.886913,15.910738,35.469799,101.494295,442.409732,1124.899329,151.810738,1883.446309,2163.404362,2281.822819,2784.429866,47.07349,21.231208,17.886913,15.910738,35.469799,101.494295,442.409732,1124.899329
MH_03,0,0,0,0,0,0,0,0,0,0,0,0,0,0,0,0,0,0,0,0,0,0,0,0,0,0,0,0,0,0,0,0,0,0,0,0,0,0,0,0,0,0,0,0,0,0,0,0,0,0,0,0,0,0,0,0,0,0,0,0,0,0,0,0,0,0,0,0,0,0,0,0,0,0,0,0,0,0
MH_04,0,0,0,0,0,0,0,0,0,0,0,0,0,0,0,0,0,0,0,0,0,0,0,0,0,0,0,0,0,0,0,0,0,0,0,0,0,0,0,0,0,0,0,0,0,0,0,0,0,0,0,0,0,0,0,0,0,0,0,0,0,0,0,0,0,0,0,0,0,0,0,0,0,0,0,0,0,0
MH_05,0,0,0,0,0,0,0,0,0,0,0,0,0,0,0,0,0,0,0,0,0,0,0,0,0,0,0,0,0,0,0,0,0,0,0,0,0,0,0,0,0,0,0,0,0,0,0,0,0,0,0,0,0,0,0,0,0,0,0,0,0,0,0,0,0,0,0,0,0,0,0,0,0,0,0,0,0,0
MH_06,4.763087,35.875168,38.966107,46.668121,44.438591,1.013423,0.506711,0.304027,0.202685,0.608054,1.925503,7.144631,20.521812,4.763087,35.875168,38.966107,46.668121,44.438591,1.013423,0.506711,0.304027,0.202685,0.608054,1.925503,7.144631,20.521812,4.763087,35.875168,38.966107,46.668121,44.438591,1.013423,0.506711,0.304027,0.202685,0.608054,1.925503,7.144631,20.521812,2.432215,33.848322,33.341611,34.760403,45.401342,1.31745,0.608054,0.506711,0.202685,0.608054,1.31745,8.614094,15.910738,2.432215,33.848322,33.341611,34.760403,45.401342,1.31745,0.608054,0.506711,0.202685,0.608054,1.31745,8.614094,15.910738,2.432215,33.848322,33.341611,34.760403,45.401342,1.31745,0.608054,0.506711,0.202685,0.608054,1.31745,8.614094,15.910738
MH_07,147.706376,1091.253691,1219.907718,1344.508054,1311.977181,45.3,15.505369,7.904698,13.478523,17.684228,66.885906,240.029195,648.286577,147.706376,1091.253691,1219.907718,1344.508054,1311.977181,45.3,15.505369,7.904698,13.478523,17.684228,66.885906,240.029195,648.286577,147.706376,1091.253691,1219.907718,1344.508054,1311.977181,45.3,15.505369,7.904698,13.478523,17.684228,66.885906,240.029195,648.286577,74.993289,936.301342,1062.725839,1156.974161,1389.149329,19.407047,9.627517,7.09396,8.310067,18.748322,51.583221,224.777181,548.565772,74.993289,936.301342,1062.725839,1156.974161,1389.149329,19.407047,9.627517,7.09396,8.310067,18.748322,51.583221,224.777181,548.565772,74.993289,936.301342,1062.725839,1156.974161,1389.149329,19.407047,9.627517,7.09396,8.310067,18.748322,51.583221,224.777181,548.565772
MH_09,2354.434564,17615.97416,19499.16711,21888.91946,21074.73557,722.11443,245.552349,121.509396,184.240268,276.005705,1081.271477,3936.742282,10485.32852,2354.434564,17615.97416,19499.16711,21888.91946,21074.73557,722.11443,245.552349,121.509396,184.240268,276.005705,1081.271477,3936.742282,10485.32852,2354.434564,17615.97416,19499.16711,21888.91946,21074.73557,722.11443,245.552349,121.509396,184.240268,276.005705,1081.271477,3936.742282,10485.32852,1256.948322,15129.79463,17265.32987,18617.08389,22176.42752,354.596644,172.788591,130.326174,141.271141,277.677852,791.179195,3661.75,8846.066443,1256.948322,15129.79463,17265.32987,18617.08389,22176.42752,354.596644,172.788591,130.326174,141.271141,277.677852,791.179195,3661.75,8846.066443,1256.948322,15129.79463,17265.32987,18617.08389,22176.42752,354.596644,172.788591,130.326174,141.271141,277.677852,791.179195,3661.75,8846.066443
MH_10,0,0,0,0,0,0,0,0,0,0,0,0,0,0,0,0,0,0,0,0,0,0,0,0,0,0,0,0,0,0,0,0,0,0,0,0,0,0,0,0,0,0,0,0,0,0,0,0,0,0,0,0,0,0,0,0,0,0,0,0,0,0,0,0,0,0,0,0,0,0,0,0,0,0,0,0,0,0
MH_11,0,0,0,0,0,0,0,0,0,0,0,0,0,0,0,0,0,0,0,0,0,0,0,0,0,0,0,0,0,0,0,0,0,0,0,0,0,0,0,0,0,0,0,0,0,0,0,0,0,0,0,0,0,0,0,0,0,0,0,0,0,0,0,0,0,0,0,0,0,0,0,0,0,0,0,0,0,0
MH_12,2365.987584,17702.1151,19426.20067,21937.15839,21094.75067,717.858054,243.576174,130.883557,183.733557,280.464765,1090.949664,3987.565436,10503.9755,2365.987584,17702.1151,19426.20067,21937.15839,21094.75067,717.858054,243.576174,130.883557,183.733557,280.464765,1090.949664,3987.565436,10503.9755,2365.987584,17702.1151,19426.20067,21937.15839,21094.75067,717.858054,243.576174,130.883557,183.733557,280.464765,1090.949664,3987.565436,10503.9755,1265.866443,15044.76846,17109.26275,18580.04329,22136.2453,359.866443,179.375839,127.437919,139.649664,278.691275,795.283557,3648.018121,8862.281208,1265.866443,15044.76846,17109.26275,18580.04329,22136.2453,359.866443,179.375839,127.437919,139.649664,278.691275,795.283557,3648.018121,8862.281208,1265.866443,15044.76846,17109.26275,18580.04329,22136.2453,359.866443,179.375839,127.437919,139.649664,278.691275,795.283557,3648.018121,8862.281208
MH_14,4.053691,32.834899,38.560738,43.779866,45.3,1.418792,0.709396,0.101342,0.405369,0.709396,2.330872,7.195302,22.396644,4.053691,32.834899,38.560738,43.779866,45.3,1.418792,0.709396,0.101342,0.405369,0.709396,2.330872,7.195302,22.396644,4.053691,32.834899,38.560738,43.779866,45.3,1.418792,0.709396,0.101342,0.405369,0.709396,2.330872,7.195302,22.396644,2.128188,29.895973,38.307383,41.499664,46.668121,0.810738,0.202685,0.202685,0.304027,0.912081,1.925503,7.803356,17.32953,2.128188,29.895973,38.307383,41.499664,46.668121,0.810738,0.202685,0.202685,0.304027,0.912081,1.925503,7.803356,17.32953,2.128188,29.895973,38.307383,41.499664,46.668121,0.810738,0.202685,0.202685,0.304027,0.912081,1.925503,7.803356,17.32953
MH_15,1185.197987,8879.509396,9723.335906,10928.54899,10537.77315,353.937919,116.442282,61.210738,92.170805,140.612416,540.711745,1987.068792,5250.188926,1185.197987,8879.509396,9723.335906,10928.54899,10537.77315,353.937919,116.442282,61.210738,92.170805,140.612416,540.711745,1987.068792,5250.188926,1185.197987,8879.509396,9723.335906,10928.54899,10537.77315,353.937919,116.442282,61.210738,92.170805,140.612416,540.711745,1987.068792,5250.188926,631.717114,7612.021477,8579.48557,9250.928859,11019.75705,174.562081,85.380872,64.85906,70.230201,135.038591,404.60906,1797.254698,4448.368792,631.717114,7612.021477,8579.48557,9250.928859,11019.75705,174.562081,85.380872,64.85906,70.230201,135.038591,404.60906,1797.254698,4448.368792,631.717114,7612.021477,8579.48557,9250.928859,11019.75705,174.562081,85.380872,64.85906,70.230201,135.038591,404.60906,1797.254698,4448.368792
MH_16,18.596309,141.068456,160.374161,178.565101,174.004698,6.485906,1.824161,1.368121,2.533557,2.330872,9.627517,32.328188,86.292953,18.596309,141.068456,160.374161,178.565101,174.004698,6.485906,1.824161,1.368121,2.533557,2.330872,9.627517,32.328188,86.292953,18.596309,141.068456,160.374161,178.565101,174.004698,6.485906,1.824161,1.368121,2.533557,2.330872,9.627517,32.328188,86.292953,9.931544,121.25604,135.747987,153.837584,180.541275,2.634899,1.722819,0.962752,1.216107,2.22953,7.296644,32.176174,76.665436,9.931544,121.25604,135.747987,153.837584,180.541275,2.634899,1.722819,0.962752,1.216107,2.22953,7.296644,32.176174,76.665436,9.931544,121.25604,135.747987,153.837584,180.541275,2.634899,1.722819,0.962752,1.216107,2.22953,7.296644,32.176174,76.665436
MH_17,596.095302,4416.75,4859.261074,5432.554362,5234.075503,183.176174,61.71745,29.186577,45.198658,70.483557,270.178523,1010.078523,2641.739933,596.095302,4416.75,4859.261074,5432.554362,5234.075503,183.176174,61.71745,29.186577,45.198658,70.483557,270.178523,1010.078523,2641.739933,596.095302,4416.75,4859.261074,5432.554362,5234.075503,183.176174,61.71745,29.186577,45.198658,70.483557,270.178523,1010.078523,2641.739933,315.731879,3792.734899,4307.807047,4657.437919,5500.251007,86.59698,45.604027,32.733557,34.152349,73.777181,194.323826,894.294966,2220.713423,315.731879,3792.734899,4307.807047,4657.437919,5500.251007,86.59698,45.604027,32.733557,34.152349,73.777181,194.323826,894.294966,2220.713423,315.731879,3792.734899,4307.807047,4657.437919,5500.251007,86.59698,45.604027,32.733557,34.152349,73.777181,194.323826,894.294966,2220.713423
MH_18,0,0,0,0,0,0,0,0,0,0,0,0,0,0,0,0,0,0,0,0,0,0,0,0,0,0,0,0,0,0,0,0,0,0,0,0,0,0,0,0,0,0,0,0,0,0,0,0,0,0,0,0,0,0,0,0,0,0,0,0,0,0,0,0,0,0,0,0,0,0,0,0,0,0,0,0,0,0
MH_19,597.716779,4438.08255,4904.003691,5496.501342,5236.60906,178.311745,62.730872,30.301342,44.793289,71.547651,274.536242,998.474832,2626.791946,597.716779,4438.08255,4904.003691,5496.501342,5236.60906,178.311745,62.730872,30.301342,44.793289,71.547651,274.536242,998.474832,2626.791946,597.716779,4438.08255,4904.003691,5496.501342,5236.60906,178.311745,62.730872,30.301342,44.793289,71.547651,274.536242,998.474832,2626.791946,310.816779,3770.388926,4336.892282,4660.984899,5534.099329,91.765436,40.182215,29.997315,33.341611,69.064765,194.019799,898.044631,2226.439262,310.816779,3770.388926,4336.892282,4660.984899,5534.099329,91.765436,40.182215,29.997315,33.341611,69.064765,194.019799,898.044631,2226.439262,310.816779,3770.388926,4336.892282,4660.984899,5534.099329,91.765436,40.182215,29.997315,33.341611,69.064765,194.019799,898.044631,2226.439262
MH_20,0,0,0,0,0,0,0,0,0,0,0,0,0,0,0,0,0,0,0,0,0,0,0,0,0,0,0,0,0,0,0,0,0,0,0,0,0,0,0,0,0,0,0,0,0,0,0,0,0,0,0,0,0,0,0,0,0,0,0,0,0,0,0,0,0,0,0,0,0,0,0,0,0,0,0,0,0,0
MH_21,0,0,0,0,0,0,0,0,0,0,0,0,0,0,0,0,0,0,0,0,0,0,0,0,0,0,0,0,0,0,0,0,0,0,0,0,0,0,0,0,0,0,0,0,0,0,0,0,0,0,0,0,0,0,0,0,0,0,0,0,0,0,0,0,0,0,0,0,0,0,0,0,0,0,0,0,0,0
MH_22,146.692953,1102.249329,1206.631879,1363.00302,1314.510738,46.668121,17.582886,7.245973,10.134228,15.708054,66.936577,247.528523,657.660738,146.692953,1102.249329,1206.631879,1363.00302,1314.510738,46.668121,17.582886,7.245973,10.134228,15.708054,66.936577,247.528523,657.660738,146.692953,1102.249329,1206.631879,1363.00302,1314.510738,46.668121,17.582886,7.245973,10.134228,15.708054,66.936577,247.528523,657.660738,79.756376,954.745638,1066.424832,1146.181208,1384.994295,23.004698,10.488926,9.120805,7.600671,16.113423,55.636913,222.851678,557.38255,79.756376,954.745638,1066.424832,1146.181208,1384.994295,23.004698,10.488926,9.120805,7.600671,16.113423,55.636913,222.851678,557.38255,79.756376,954.745638,1066.424832,1146.181208,1384.994295,23.004698,10.488926,9.120805,7.600671,16.113423,55.636913,222.851678,557.38255
